Action,Element,Parent,Element Type,Weighting,Attribute,Attribute Type,Attribute Value,Filter
,,,,,,,,
Unwind,MIRB1112,ABGCC-068,,,,,,
Unwind,219045,ABGCC-068,,,,,,
Unwind,219047,ABGCC-068,,,,,,
Unwind,219049,ABGCC-068,,,,,,
Unwind,219051,ABGCC-068,,,,,,
Unwind,219053,ABGCC-068,,,,,,
Unwind,MIRB3139,ABGCC-068,,,,,,
Unwind,MI187029,ABGCC-069,,,,,,
Unwind,140262,ABGCC-069,,,,,,
Unwind,146100,ABGCC-069,,,,,,
Unwind,160922,ABGCC-069,,,,,,
Unwind,219092,ABGCC-069,,,,,,
Unwind,534463,ABGCC-069,,,,,,
Unwind,534610,ABGCC-069,,,,,,
Unwind,534679,ABGCC-069,,,,,,
Unwind,MI710015,ABGCC-069,,,,,,
Unwind,MI710018,ABGCC-069,,,,,,
Unwind,MI710027,ABGCC-069,,,,,,
Unwind,MI710041,ABGCC-069,,,,,,
Unwind,MICB2703,ABGCC-069,,,,,,
Unwind,MICB2705,ABGCC-069,,,,,,
Unwind,MICBG001,ABGCC-069,,,,,,
Unwind,140066,ABGCC-070,,,,,,
Unwind,160933,ABGCC-070,,,,,,
Unwind,219063,ABGCC-070,,,,,,
Unwind,219064,ABGCC-070,,,,,,
Unwind,219066,ABGCC-070,,,,,,
Unwind,219093,ABGCC-070,,,,,,
Unwind,MI710044,ABGCC-070,,,,,,
Unwind,MI710045,ABGCC-070,,,,,,
Unwind,MI710046,ABGCC-070,,,,,,
Unwind,MI710048,ABGCC-070,,,,,,
Unwind,MI730027,ABGCC-070,,,,,,
Unwind,MICB5006,ABGCC-070,,,,,,
Unwind,MIRB3134,ABGCC-070,,,,,,
Unwind,MISG1100,ABGCC-070,,,,,,
Unwind,147099,ABGCC-071,,,,,,
Unwind,160924,ABGCC-071,,,,,,
Unwind,219094,ABGCC-071,,,,,,
Unwind,MI710001,ABGCC-071,,,,,,
Unwind,MI710002,ABGCC-071,,,,,,
Unwind,MI710003,ABGCC-071,,,,,,
Unwind,MI710005,ABGCC-071,,,,,,
Unwind,MI730024,ABGCC-071,,,,,,
Unwind,MIRB3099,ABGCC-071,,,,,,
Unwind,MISG1577,ABGCC-071,,,,,,
Unwind,MI724010,ABGCC-071,,,,,,
Unwind,MICB2021,ABGCC-071,,,,,,
Unwind,MICB2208,ABGCC-071,,,,,,
Unwind,076485,ABGCC-071,,,,,,
Unwind,095632,ABGCC-071,,,,,,
Unwind,140621,ABGCC-071,,,,,,
Unwind,731297,ABGCC-071,,,,,,
Unwind,MICB2480,ABGCC-071,,,,,,
Unwind,MICB2780,ABGCC-071,,,,,,
Unwind,MIRB0837,ABGCC-071,,,,,,
Unwind,MIRB4813,ABGCC-071,,,,,,
Unwind,MIRB4819,ABGCC-071,,,,,,
Unwind,MIRB5500,ABGCC-071,,,,,,
Unwind,MIRM4480,ABGCC-071,,,,,,
Unwind,MISG1110,ABGCC-071,,,,,,
Unwind,140033,ABGCC-072,,,,,,
Unwind,160925,ABGCC-072,,,,,,
Unwind,219096,ABGCC-072,,,,,,
Unwind,MI710024,ABGCC-072,,,,,,
Unwind,MI710025,ABGCC-072,,,,,,
Unwind,MI710026,ABGCC-072,,,,,,
Unwind,MI730025,ABGCC-072,,,,,,
Unwind,MIRB3100,ABGCC-072,,,,,,
Unwind,MI508240,ABGCC-072,,,,,,
Unwind,MI730835,ABGCC-072,,,,,,
Unwind,MICB2330,ABGCC-072,,,,,,
Unwind,MICB2370,ABGCC-072,,,,,,
Unwind,070417,ABGCC-072,,,,,,
Unwind,076820,ABGCC-072,,,,,,
Unwind,140623,ABGCC-072,,,,,,
Unwind,MIRA0301,ABGCC-072,,,,,,
Unwind,MIRB2455,ABGCC-072,,,,,,
Unwind,MIRB3056,ABGCC-072,,,,,,
Unwind,MIRC3924,ABGCC-072,,,,,,
Unwind,MISG1106,ABGCC-072,,,,,,
Unwind,MI187031,ABGCC-073,,,,,,
Unwind,140186,ABGCC-073,,,,,,
Unwind,160926,ABGCC-073,,,,,,
Unwind,219095,ABGCC-073,,,,,,
Unwind,MI710034,ABGCC-073,,,,,,
Unwind,MISG0299,ABGCC-073,,,,,,
Unwind,740396,ABGCC-073,,,,,,
Unwind,MICB2405,ABGCC-073,,,,,,
Unwind,MICB2939,ABGCC-073,,,,,,
Unwind,MIRA0302,ABGCC-073,,,,,,
Unwind,MIRB0859,ABGCC-073,,,,,,
Unwind,MIRB5047,ABGCC-073,,,,,,
Unwind,MIRB7037,ABGCC-073,,,,,,
Unwind,MISG1097,ABGCC-073,,,,,,
Unwind,MICB2066,ABGCC-075,,,,,,
Unwind,MICB2244,ABGCC-075,,,,,,
Unwind,MICB2613,ABGCC-075,,,,,,
Unwind,MIRB0808,ABGCC-075,,,,,,
Unwind,MIRB0809,ABGCC-075,,,,,,
Unwind,MIRC3944,ABGCC-075,,,,,,
Unwind,076815,ABGCC-075,,,,,,
Unwind,147129,ABGCC-075,,,,,,
Unwind,532821,ABGCC-075,,,,,,
Unwind,534343,ABGCC-075,,,,,,
Unwind,740387,ABGCC-075,,,,,,
Unwind,MIRE4240,ABGCC-075,,,,,,
Unwind,070287,ABGCC-075,,,,,,
Unwind,070342,ABGCC-075,,,,,,
Unwind,070344,ABGCC-075,,,,,,
Unwind,073310,ABGCC-075,,,,,,
Unwind,080992,ABGCC-075,,,,,,
Unwind,090492,ABGCC-075,,,,,,
Unwind,090502,ABGCC-075,,,,,,
Unwind,095636,ABGCC-075,,,,,,
Unwind,103172,ABGCC-075,,,,,,
Unwind,109040,ABGCC-075,,,,,,
Unwind,113308,ABGCC-075,,,,,,
Unwind,140067,ABGCC-075,,,,,,
Unwind,140195,ABGCC-075,,,,,,
Unwind,140199,ABGCC-075,,,,,,
Unwind,140577,ABGCC-075,,,,,,
Unwind,140585,ABGCC-075,,,,,,
Unwind,141143,ABGCC-075,,,,,,
Unwind,141144,ABGCC-075,,,,,,
Unwind,142006,ABGCC-075,,,,,,
Unwind,142007,ABGCC-075,,,,,,
Unwind,142008,ABGCC-075,,,,,,
Unwind,142015,ABGCC-075,,,,,,
Unwind,142031,ABGCC-075,,,,,,
Unwind,142034,ABGCC-075,,,,,,
Unwind,142037,ABGCC-075,,,,,,
Unwind,142038,ABGCC-075,,,,,,
Unwind,142039,ABGCC-075,,,,,,
Unwind,142042,ABGCC-075,,,,,,
Unwind,142050,ABGCC-075,,,,,,
Unwind,142052,ABGCC-075,,,,,,
Unwind,142065,ABGCC-075,,,,,,
Unwind,142085,ABGCC-075,,,,,,
Unwind,142120,ABGCC-075,,,,,,
Unwind,142140,ABGCC-075,,,,,,
Unwind,142145,ABGCC-075,,,,,,
Unwind,142230,ABGCC-075,,,,,,
Unwind,142239,ABGCC-075,,,,,,
Unwind,142250,ABGCC-075,,,,,,
Unwind,142253,ABGCC-075,,,,,,
Unwind,142255,ABGCC-075,,,,,,
Unwind,142256,ABGCC-075,,,,,,
Unwind,142257,ABGCC-075,,,,,,
Unwind,142285,ABGCC-075,,,,,,
Unwind,142300,ABGCC-075,,,,,,
Unwind,142301,ABGCC-075,,,,,,
Unwind,142315,ABGCC-075,,,,,,
Unwind,142320,ABGCC-075,,,,,,
Unwind,142325,ABGCC-075,,,,,,
Unwind,142360,ABGCC-075,,,,,,
Unwind,142370,ABGCC-075,,,,,,
Unwind,142385,ABGCC-075,,,,,,
Unwind,142391,ABGCC-075,,,,,,
Unwind,142410,ABGCC-075,,,,,,
Unwind,142440,ABGCC-075,,,,,,
Unwind,142487,ABGCC-075,,,,,,
Unwind,142755,ABGCC-075,,,,,,
Unwind,143017,ABGCC-075,,,,,,
Unwind,143024,ABGCC-075,,,,,,
Unwind,144040,ABGCC-075,,,,,,
Unwind,144068,ABGCC-075,,,,,,
Unwind,144201,ABGCC-075,,,,,,
Unwind,144383,ABGCC-075,,,,,,
Unwind,144386,ABGCC-075,,,,,,
Unwind,144436,ABGCC-075,,,,,,
Unwind,145006,ABGCC-075,,,,,,
Unwind,147016,ABGCC-075,,,,,,
Unwind,147018,ABGCC-075,,,,,,
Unwind,147020,ABGCC-075,,,,,,
Unwind,147031,ABGCC-075,,,,,,
Unwind,147082,ABGCC-075,,,,,,
Unwind,147085,ABGCC-075,,,,,,
Unwind,147086,ABGCC-075,,,,,,
Unwind,147091,ABGCC-075,,,,,,
Unwind,147092,ABGCC-075,,,,,,
Unwind,147094,ABGCC-075,,,,,,
Unwind,147113,ABGCC-075,,,,,,
Unwind,147116,ABGCC-075,,,,,,
Unwind,147118,ABGCC-075,,,,,,
Unwind,147119,ABGCC-075,,,,,,
Unwind,147208,ABGCC-075,,,,,,
Unwind,147210,ABGCC-075,,,,,,
Unwind,234322,ABGCC-075,,,,,,
Unwind,234323,ABGCC-075,,,,,,
Unwind,530404,ABGCC-075,,,,,,
Unwind,530490,ABGCC-075,,,,,,
Unwind,530515,ABGCC-075,,,,,,
Unwind,530550,ABGCC-075,,,,,,
Unwind,530570,ABGCC-075,,,,,,
Unwind,530575,ABGCC-075,,,,,,
Unwind,530746,ABGCC-075,,,,,,
Unwind,530747,ABGCC-075,,,,,,
Unwind,530790,ABGCC-075,,,,,,
Unwind,530941,ABGCC-075,,,,,,
Unwind,531000,ABGCC-075,,,,,,
Unwind,531070,ABGCC-075,,,,,,
Unwind,531380,ABGCC-075,,,,,,
Unwind,531400,ABGCC-075,,,,,,
Unwind,531410,ABGCC-075,,,,,,
Unwind,531430,ABGCC-075,,,,,,
Unwind,531480,ABGCC-075,,,,,,
Unwind,531500,ABGCC-075,,,,,,
Unwind,531585,ABGCC-075,,,,,,
Unwind,531620,ABGCC-075,,,,,,
Unwind,531660,ABGCC-075,,,,,,
Unwind,531710,ABGCC-075,,,,,,
Unwind,531830,ABGCC-075,,,,,,
Unwind,531850,ABGCC-075,,,,,,
Unwind,531880,ABGCC-075,,,,,,
Unwind,531900,ABGCC-075,,,,,,
Unwind,532075,ABGCC-075,,,,,,
Unwind,532140,ABGCC-075,,,,,,
Unwind,532191,ABGCC-075,,,,,,
Unwind,532200,ABGCC-075,,,,,,
Unwind,532201,ABGCC-075,,,,,,
Unwind,532330,ABGCC-075,,,,,,
Unwind,532340,ABGCC-075,,,,,,
Unwind,532350,ABGCC-075,,,,,,
Unwind,532370,ABGCC-075,,,,,,
Unwind,532420,ABGCC-075,,,,,,
Unwind,532440,ABGCC-075,,,,,,
Unwind,532450,ABGCC-075,,,,,,
Unwind,532470,ABGCC-075,,,,,,
Unwind,532535,ABGCC-075,,,,,,
Unwind,533180,ABGCC-075,,,,,,
Unwind,533181,ABGCC-075,,,,,,
Unwind,534005,ABGCC-075,,,,,,
Unwind,534170,ABGCC-075,,,,,,
Unwind,534185,ABGCC-075,,,,,,
Unwind,534230,ABGCC-075,,,,,,
Unwind,534368,ABGCC-075,,,,,,
Unwind,534571,ABGCC-075,,,,,,
Unwind,534780,ABGCC-075,,,,,,
Unwind,534820,ABGCC-075,,,,,,
Unwind,534930,ABGCC-075,,,,,,
Unwind,534940,ABGCC-075,,,,,,
Unwind,534990,ABGCC-075,,,,,,
Unwind,535060,ABGCC-075,,,,,,
Unwind,535240,ABGCC-075,,,,,,
Unwind,535275,ABGCC-075,,,,,,
Unwind,535364,ABGCC-075,,,,,,
Unwind,535366,ABGCC-075,,,,,,
Unwind,730808,ABGCC-075,,,,,,
Unwind,730941,ABGCC-075,,,,,,
Unwind,730954,ABGCC-075,,,,,,
Unwind,731258,ABGCC-075,,,,,,
Unwind,740384,ABGCC-075,,,,,,
Unwind,740386,ABGCC-075,,,,,,
Unwind,740391,ABGCC-075,,,,,,
Unwind,740392,ABGCC-075,,,,,,
Unwind,740393,ABGCC-075,,,,,,
Unwind,849634,ABGCC-075,,,,,,
Unwind,MIRM4260,ABGCC-075,,,,,,
Unwind,MIRM4340,ABGCC-075,,,,,,
Unwind,MIITCADM,ABGCC-075,,,,,,
Unwind,MISG0191,ABGCC-075,,,,,,
Unwind,MISG0192,ABGCC-075,,,,,,
Unwind,MISG0199,ABGCC-075,,,,,,
Unwind,MISG0201,ABGCC-075,,,,,,
Unwind,MISG0212,ABGCC-075,,,,,,
Unwind,MISG0216,ABGCC-075,,,,,,
Unwind,MISG0532,ABGCC-075,,,,,,
Unwind,849224,ABGCC-075,,,,,,
Unwind,849244,ABGCC-075,,,,,,
Unwind,849245,ABGCC-075,,,,,,
Unwind,849260,ABGCC-075,,,,,,
Unwind,849270,ABGCC-075,,,,,,
Unwind,849272,ABGCC-075,,,,,,
Unwind,849289,ABGCC-075,,,,,,
Unwind,849560,ABGCC-075,,,,,,
Unwind,849807,ABGCC-075,,,,,,
Unwind,MISG1517,ABGCC-075,,,,,,
Unwind,MICB2107,ABGCC-076,,,,,,
Unwind,MICB2108,ABGCC-076,,,,,,
Unwind,MICB2110,ABGCC-076,,,,,,
Unwind,MICB2131,ABGCC-076,,,,,,
Unwind,MICB2190,ABGCC-076,,,,,,
Unwind,MICB2445,ABGCC-076,,,,,,
Unwind,MICB2525,ABGCC-076,,,,,,
Unwind,MIRB3121,ABGCC-076,,,,,,
Unwind,MIRC3100,ABGCC-076,,,,,,
Unwind,MIRC3950,ABGCC-076,,,,,,
Unwind,MIRM4370,ABGCC-076,,,,,,
Unwind,140620,ABGCC-076,,,,,,
Unwind,147104,ABGCC-076,,,,,,
Unwind,530045,ABGCC-076,,,,,,
Unwind,MIRM4539,ABGCC-076,,,,,,
Unwind,MISG1104,ABGCC-076,,,,,,
Unwind,MI187640,ABGCC-077,,,,,,
Unwind,MISG0205,ABGCC-078,,,,,,
Unwind,846133,ABGCC-078,,,,,,
Unwind,846145,ABGCC-078,,,,,,
Unwind,846149,ABGCC-078,,,,,,
Unwind,846150,ABGCC-078,,,,,,
Unwind,846202,ABGCC-078,,,,,,
Unwind,849247,ABGCC-078,,,,,,
Unwind,849256,ABGCC-078,,,,,,
Unwind,849257,ABGCC-078,,,,,,
Unwind,849271,ABGCC-078,,,,,,
Unwind,849275,ABGCC-078,,,,,,
Unwind,849278,ABGCC-078,,,,,,
Unwind,849454,ABGCC-078,,,,,,
Unwind,MISG0639,ABGCC-078,,,,,,
Unwind,MISG0871,ABGCC-078,,,,,,
Unwind,MISG1424,ABGCC-078,,,,,,
Unwind,MISG1559,ABGCC-078,,,,,,
Unwind,MISG1562,ABGCC-078,,,,,,
Unwind,MISG1571,ABGCC-078,,,,,,
Unwind,843150,ABGCC-078,,,,,,
Unwind,MICB2576,ABGCC-078,,,,,,
Unwind,MIRB0899,ABGCC-078,,,,,,
Unwind,MIRB3024,ABGCC-078,,,,,,
Unwind,MIRE2060,ABGCC-078,,,,,,
Unwind,MIAMG063,ABGCC-079,,,,,,
Unwind,MI187128,ABGCC-079,,,,,,
Unwind,MI234458,ABGCC-079,,,,,,
Unwind,MIAMG058,ABGCC-079,,,,,,
Unwind,MIAMG065,ABGCC-079,,,,,,
Unwind,MISG1476,ABGCC-079,,,,,,
Unwind,MISG1479,ABGCC-079,,,,,,
Unwind,160860,ABGCC-079,,,,,,
Unwind,MIAMG062,ABGCC-079,,,,,,
Unwind,MIAMG069,ABGCC-079,,,,,,
Unwind,MIAMG067,ABGCC-079,,,,,,
Unwind,MICB2320,ABGCC-079,,,,,,
Unwind,MICB2827,ABGCC-079,,,,,,
Unwind,MISG1481,ABGCC-079,,,,,,
Unwind,MI400152,ABGCC-079,,,,,,
Unwind,MIAMG059,ABGCC-079,,,,,,
Unwind,MI400155,ABGCC-079,,,,,,
Unwind,MI400156,ABGCC-079,,,,,,
Unwind,MI400WIB,ABGCC-079,,,,,,
Unwind,096007,ABGCC-079,,,,,,
Unwind,160928,ABGCC-079,,,,,,
Unwind,843860,ABGCC-079,,,,,,
Unwind,849277,ABGCC-079,,,,,,
Unwind,158183,ABGCC-079,,,,,,
Unwind,087570,ABGCC-079,,,,,,
Unwind,103050,ABGCC-079,,,,,,
Unwind,103171,ABGCC-079,,,,,,
Unwind,103750,ABGCC-079,,,,,,
Unwind,730984,ABGCC-079,,,,,,
Unwind,849398,ABGCC-079,,,,,,
Unwind,849399,ABGCC-079,,,,,,
Unwind,849400,ABGCC-079,,,,,,
Unwind,849401,ABGCC-079,,,,,,
Unwind,849803,ABGCC-079,,,,,,
Unwind,MIRB4612,ABGCC-079,,,,,,
Unwind,400144,ABGCC-079,,,,,,
Unwind,400160,ABGCC-079,,,,,,
Unwind,400179,ABGCC-079,,,,,,
Unwind,400180,ABGCC-079,,,,,,
Unwind,400188,ABGCC-079,,,,,,
Unwind,400196,ABGCC-079,,,,,,
Unwind,400197,ABGCC-079,,,,,,
Unwind,400199,ABGCC-079,,,,,,
Unwind,400200,ABGCC-079,,,,,,
Unwind,400201,ABGCC-079,,,,,,
Unwind,400204,ABGCC-079,,,,,,
Unwind,400207,ABGCC-079,,,,,,
Unwind,400208,ABGCC-079,,,,,,
Unwind,400209,ABGCC-079,,,,,,
Unwind,400212,ABGCC-079,,,,,,
Unwind,400220,ABGCC-079,,,,,,
Unwind,400228,ABGCC-079,,,,,,
Unwind,400236,ABGCC-079,,,,,,
Unwind,400239,ABGCC-079,,,,,,
Unwind,400244,ABGCC-079,,,,,,
Unwind,400307,ABGCC-079,,,,,,
Unwind,400308,ABGCC-079,,,,,,
Unwind,400309,ABGCC-079,,,,,,
Unwind,470601,ABGCC-079,,,,,,
Unwind,470602,ABGCC-079,,,,,,
Unwind,470801,ABGCC-079,,,,,,
Unwind,479010,ABGCC-079,,,,,,
Unwind,479011,ABGCC-079,,,,,,
Unwind,MICB2390,ABGCC-079,,,,,,
Unwind,219603,ABGCC-080,,,,,,
Unwind,219604,ABGCC-080,,,,,,
Unwind,219098,ABGCC-080,,,,,,
Unwind,219099,ABGCC-080,,,,,,
Unwind,550727,ABGCC-080,,,,,,
Unwind,550728,ABGCC-080,,,,,,
Unwind,550729,ABGCC-080,,,,,,
Unwind,550730,ABGCC-080,,,,,,
Unwind,550731,ABGCC-080,,,,,,
Unwind,550732,ABGCC-080,,,,,,
Unwind,550733,ABGCC-080,,,,,,
Unwind,550734,ABGCC-080,,,,,,
Unwind,550735,ABGCC-080,,,,,,
Unwind,550736,ABGCC-080,,,,,,
Unwind,550737,ABGCC-080,,,,,,
Unwind,550738,ABGCC-080,,,,,,
Unwind,550739,ABGCC-080,,,,,,
Unwind,219600,ABGCC-080,,,,,,
Unwind,219601,ABGCC-080,,,,,,
Unwind,219602,ABGCC-080,,,,,,
Unwind,846140,ABGCC-080,,,,,,
Unwind,846141,ABGCC-080,,,,,,
Unwind,849251,ABGCC-080,,,,,,
Unwind,111381,ABGCC-080,,,,,,
Unwind,144002,ABGCC-080,,,,,,
Unwind,849250,ABGCC-080,,,,,,
Unwind,532040,ABGCC-080,,,,,,
Unwind,470501,ABGCC-080,,,,,,
Unwind,530171,ABGCC-080,,,,,,
Unwind,070345,ABGCC-080,,,,,,
Unwind,530188,ABGCC-080,,,,,,
Unwind,142047,ABGCC-080,,,,,,
Unwind,158397,ABGCC-080,,,,,,
Unwind,849322,ABGCC-080,,,,,,
Unwind,844306,ABGCC-080,,,,,,
Unwind,144376,ABGCC-080,,,,,,
Unwind,849412,ABGCC-081,,,,,,
Unwind,MI849647,ABGCC-081,,,,,,
Unwind,849234,ABGCC-082,,,,,,
Unwind,MI187214,ABGCC-083,,,,,,
Unwind,843870,ABGCC-083,,,,,,
Unwind,MISG0455,ABGCC-083,,,,,,
Unwind,MISG0478,ABGCC-083,,,,,,
Unwind,MISG0968,ABGCC-083,,,,,,
Unwind,MI187209,ABGCC-083,,,,,,
Unwind,090418,ABGCC-083,,,,,,
Unwind,530590,ABGCC-083,,,,,,
Unwind,095860,ABGCC-083,,,,,,
Unwind,098033,ABGCC-083,,,,,,
Unwind,104410,ABGCC-083,,,,,,
Unwind,187201,ABGCC-083,,,,,,
Unwind,187298,ABGCC-083,,,,,,
Unwind,105956,ABGCC-083,,,,,,
Unwind,535200,ABGCC-083,,,,,,
Unwind,143234,ABGCC-083,,,,,,
Unwind,143319,ABGCC-083,,,,,,
Unwind,143327,ABGCC-083,,,,,,
Unwind,144067,ABGCC-083,,,,,,
Unwind,144279,ABGCC-083,,,,,,
Unwind,144295,ABGCC-083,,,,,,
Unwind,145100,ABGCC-083,,,,,,
Unwind,146020,ABGCC-083,,,,,,
Unwind,147004,ABGCC-083,,,,,,
Unwind,147043,ABGCC-083,,,,,,
Unwind,147044,ABGCC-083,,,,,,
Unwind,147088,ABGCC-083,,,,,,
Unwind,147090,ABGCC-083,,,,,,
Unwind,147095,ABGCC-083,,,,,,
Unwind,147111,ABGCC-083,,,,,,
Unwind,147203,ABGCC-083,,,,,,
Unwind,530175,ABGCC-083,,,,,,
Unwind,530193,ABGCC-083,,,,,,
Unwind,531160,ABGCC-083,,,,,,
Unwind,533711,ABGCC-083,,,,,,
Unwind,534183,ABGCC-083,,,,,,
Unwind,534250,ABGCC-083,,,,,,
Unwind,534290,ABGCC-083,,,,,,
Unwind,534330,ABGCC-083,,,,,,
Unwind,667201,ABGCC-083,,,,,,
Unwind,730863,ABGCC-083,,,,,,
Unwind,730873,ABGCC-083,,,,,,
Unwind,730973,ABGCC-083,,,,,,
Unwind,730983,ABGCC-083,,,,,,
Unwind,731013,ABGCC-083,,,,,,
Unwind,731035,ABGCC-083,,,,,,
Unwind,731152,ABGCC-083,,,,,,
Unwind,731163,ABGCC-083,,,,,,
Unwind,731241,ABGCC-083,,,,,,
Unwind,MIRB3770,ABGCC-083,,,,,,
Unwind,843770,ABGCC-083,,,,,,
Unwind,844305,ABGCC-083,,,,,,
Unwind,846104,ABGCC-083,,,,,,
Unwind,846108,ABGCC-083,,,,,,
Unwind,846218,ABGCC-083,,,,,,
Unwind,846219,ABGCC-083,,,,,,
Unwind,846221,ABGCC-083,,,,,,
Unwind,846225,ABGCC-083,,,,,,
Unwind,846700,ABGCC-083,,,,,,
Unwind,849218,ABGCC-083,,,,,,
Unwind,849219,ABGCC-083,,,,,,
Unwind,849227,ABGCC-083,,,,,,
Unwind,849228,ABGCC-083,,,,,,
Unwind,849229,ABGCC-083,,,,,,
Unwind,849230,ABGCC-083,,,,,,
Unwind,849231,ABGCC-083,,,,,,
Unwind,849232,ABGCC-083,,,,,,
Unwind,849233,ABGCC-083,,,,,,
Unwind,849236,ABGCC-083,,,,,,
Unwind,849237,ABGCC-083,,,,,,
Unwind,849239,ABGCC-083,,,,,,
Unwind,849349,ABGCC-083,,,,,,
Unwind,849355,ABGCC-083,,,,,,
Unwind,849360,ABGCC-083,,,,,,
Unwind,849409,ABGCC-083,,,,,,
Unwind,849904,ABGCC-083,,,,,,
Unwind,MISG0433,ABGCC-083,,,,,,
Unwind,MISG1543,ABGCC-083,,,,,,
Unwind,849242,ABGCC-084,,,,,,
Unwind,530105,ABGCC-084,,,,,,
Unwind,530439,ABGCC-084,,,,,,
Unwind,094235,ABGCC-084,,,,,,
Unwind,142029,ABGCC-084,,,,,,
Unwind,144001,ABGCC-084,,,,,,
Unwind,533075,ABGCC-084,,,,,,
Unwind,535265,ABGCC-084,,,,,,
Unwind,731205,ABGCC-084,,,,,,
Unwind,731601,ABGCC-084,,,,,,
Unwind,143330,ABGCC-084,,,,,,
Unwind,144042,ABGCC-084,,,,,,
Unwind,144423,ABGCC-084,,,,,,
Unwind,530111,ABGCC-084,,,,,,
Unwind,731143,ABGCC-084,,,,,,
Unwind,843273,ABGCC-084,,,,,,
Unwind,843274,ABGCC-084,,,,,,
Unwind,846111,ABGCC-084,,,,,,
Unwind,846220,ABGCC-084,,,,,,
Unwind,142478,ABGCC-084,,,,,,
Unwind,ABGCC-068,ABGCC-085,,,,,,
Unwind,ABGCC-069,ABGCC-085,,,,,,
Unwind,ABGCC-070,ABGCC-085,,,,,,
Unwind,ABGCC-071,ABGCC-085,,,,,,
Unwind,ABGCC-072,ABGCC-085,,,,,,
Unwind,ABGCC-073,ABGCC-085,,,,,,
Unwind,ABGCC-075,ABGCC-085,,,,,,
Unwind,ABGCC-076,ABGCC-085,,,,,,
Unwind,ABGCC-077,ABGCC-085,,,,,,
Unwind,ABGCC-078,ABGCC-085,,,,,,
Unwind,ABGCC-079,ABGCC-085,,,,,,
Unwind,ABGCC-080,ABGCC-085,,,,,,
Unwind,ABGCC-081,ABGCC-085,,,,,,
Unwind,ABGCC-082,ABGCC-085,,,,,,
Unwind,ABGCC-083,ABGCC-085,,,,,,
Unwind,ABGCC-084,ABGCC-085,,,,,,
Unwind,MIPINOCH,ABGCC-086,,,,,,
Unwind,MIPINOST,ABGCC-086,,,,,,
Unwind,MIPINOCO,ABGCC-087,,,,,,
Unwind,MIPINSST,ABGCC-087,,,,,,
Unwind,MI352403,ABGCC-088,,,,,,
Unwind,MI353000,ABGCC-088,,,,,,
Unwind,MIPINOCH,ABGCC-088,,,,,,
Unwind,MIPINOCO,ABGCC-088,,,,,,
Unwind,MIPINOST,ABGCC-088,,,,,,
Unwind,MIPINSST,ABGCC-088,,,,,,
Unwind,MIRB7126,ABGCC-089,,,,,,
Unwind,MI080650,ABGCC-089,,,,,,
Unwind,MI080700,ABGCC-089,,,,,,
Unwind,MI197410,ABGCC-089,,,,,,
Unwind,MI673099,ABGCC-089,,,,,,
Unwind,MI237930,ABGCC-089,,,,,,
Unwind,MISG0162,ABGCC-089,,,,,,
Unwind,MISG0460,ABGCC-089,,,,,,
Unwind,MISG0730,ABGCC-089,,,,,,
Unwind,MISG0774,ABGCC-089,,,,,,
Unwind,MISG0783,ABGCC-089,,,,,,
Unwind,237026,ABGCC-089,,,,,,
Unwind,090481,ABGCC-089,,,,,,
Unwind,169533,ABGCC-089,,,,,,
Unwind,MI080650,ABGCC-090,,,,,,
Unwind,MISG0774,ABGCC-090,,,,,,
Unwind,MISG0783,ABGCC-090,,,,,,
Unwind,237026,ABGCC-090,,,,,,
Unwind,090481,ABGCC-090,,,,,,
Unwind,MI080700,ABGCC-091,,,,,,
Unwind,MI197410,ABGCC-091,,,,,,
Unwind,MI673099,ABGCC-091,,,,,,
Unwind,MISG0162,ABGCC-091,,,,,,
Unwind,MISG0460,ABGCC-091,,,,,,
Unwind,MISG0730,ABGCC-091,,,,,,
Unwind,MIRB7111,ABGCC-092,,,,,,
Unwind,MI080400,ABGCC-092,,,,,,
Unwind,MISG0576,ABGCC-092,,,,,,
Unwind,MISG0584,ABGCC-092,,,,,,
Unwind,MI187585,ABGCC-092,,,,,,
Unwind,MISG0573,ABGCC-092,,,,,,
Unwind,MI730814,ABGCC-092,,,,,,
Unwind,MISG0225,ABGCC-092,,,,,,
Unwind,MI352134,ABGCC-092,,,,,,
Unwind,MISG0740,ABGCC-092,,,,,,
Unwind,MI720590,ABGCC-092,,,,,,
Unwind,MISG0262,ABGCC-092,,,,,,
Unwind,MI352301,ABGCC-092,,,,,,
Unwind,MISG0591,ABGCC-092,,,,,,
Unwind,MIRB7121,ABGCC-093,,,,,,
Unwind,MI080400,ABGCC-093,,,,,,
Unwind,MISG0576,ABGCC-093,,,,,,
Unwind,MISG0584,ABGCC-093,,,,,,
Unwind,MI187585,ABGCC-093,,,,,,
Unwind,MISG0573,ABGCC-093,,,,,,
Unwind,MI730814,ABGCC-093,,,,,,
Unwind,MISG0225,ABGCC-093,,,,,,
Unwind,MI352134,ABGCC-093,,,,,,
Unwind,MISG0740,ABGCC-093,,,,,,
Unwind,MI720590,ABGCC-093,,,,,,
Unwind,MISG0262,ABGCC-093,,,,,,
Unwind,MI352301,ABGCC-093,,,,,,
Unwind,MISG0591,ABGCC-093,,,,,,
Unwind,MI352450,ABGCC-004,,,,,,
Unwind,MI358779,ABGCC-004,,,,,,
Unwind,ABGCC-029,ABGCC-005,,,,,,
Unwind,MISG1477,ABGCC-005,,,,,,
Unwind,ABGCC-005,ABGCC-027,,,,,,
Unwind,ABGCC-013,ABGCC-027,,,,,,
Unwind,ABGCC-014,ABGCC-027,,,,,,
Unwind,ABGCC-023,ABGCC-027,,,,,,
Unwind,MISG0429 ,ABGCC-028,,,,,,
Unwind,MISG0447 ,ABGCC-028,,,,,,
Unwind,MISG0457,ABGCC-030,,,,,,
Unwind,MISG1541,ABGCC-030,,,,,,
Unwind,MISG1457,ABGCC-030,,,,,,
Unwind,MISG1466,ABGCC-031,,,,,,
Unwind,MISG1112,ABGCC-031,,,,,,
,,,,,,,,
Unwind,ABGCC-068,AB Centre Groups,,,,,,
Unwind,ABGCC-069,AB Centre Groups,,,,,,
Unwind,ABGCC-070,AB Centre Groups,,,,,,
Unwind,ABGCC-071,AB Centre Groups,,,,,,
Unwind,ABGCC-072,AB Centre Groups,,,,,,
Unwind,ABGCC-073,AB Centre Groups,,,,,,
Unwind,ABGCC-075,AB Centre Groups,,,,,,
Unwind,ABGCC-076,AB Centre Groups,,,,,,
Unwind,ABGCC-077,AB Centre Groups,,,,,,
Unwind,ABGCC-078,AB Centre Groups,,,,,,
Unwind,ABGCC-079,AB Centre Groups,,,,,,
Unwind,ABGCC-080,AB Centre Groups,,,,,,
Unwind,ABGCC-081,AB Centre Groups,,,,,,
Unwind,ABGCC-082,AB Centre Groups,,,,,,
Unwind,ABGCC-083,AB Centre Groups,,,,,,
Unwind,ABGCC-084,AB Centre Groups,,,,,,
Unwind,ABGCC-085,AB Centre Groups,,,,,,
Unwind,ABGCC-086,AB Centre Groups,,,,,,
Unwind,ABGCC-087,AB Centre Groups,,,,,,
Unwind,ABGCC-088,AB Centre Groups,,,,,,
Unwind,ABGCC-089,AB Centre Groups,,,,,,
Unwind,ABGCC-090,AB Centre Groups,,,,,,
Unwind,ABGCC-091,AB Centre Groups,,,,,,
Unwind,ABGCC-092,AB Centre Groups,,,,,,
Unwind,ABGCC-093,AB Centre Groups,,,,,,
Unwind,ABGCC-004,AB Centre Groups,,,,,,
Unwind,ABGCC-005,AB Centre Groups,,,,,,
Unwind,ABGCC-027,AB Centre Groups,,,,,,
Unwind,ABGCC-028,AB Centre Groups,,,,,,
Unwind,ABGCC-030,AB Centre Groups,,,,,,
Unwind,ABGCC-031,AB Centre Groups,,,,,,
,,,,,,,,
Unwind,MI352450,ABGCC-008,,,,,,
Unwind,MISG0162,ABGCC-008,,,,,,
Unwind,MI358400,ABGCC-009,,,,,,
Unwind,MI673099,ABGCC-009,,,,,,
Unwind,MISG0262,ABGCC-019,,,,,,
Unwind,MISG0591,ABGCC-019,,,,,,
Unwind,MI352301,ABGCC-020,,,,,,
Unwind,MI720590,ABGCC-020,,,,,,
,,,,,,,,
Unwind,MI187200,ABGCC-001,,,,,,
Unwind,MI187200,ABGCC-026,,,,,,
Unwind,MI187200,ABGCC-006,,,,,,
Unwind,MI187200 ,ABGCC-032,,,,,,
Unwind,MI187200,ABGCC-034,,,,,,
Unwind,MI187208,ABGCC-061,,,,,,
Unwind,MI187218,ABGCC-047,,,,,,
Unwind,MI187218,ABGCC-061,,,,,,
Unwind,MI187465,ABGCC-004,,,,,,
Unwind,MI187465,ABGCC-025,,,,,,
Unwind,MI187465,ABGCC-044,,,,,,
Unwind,MI187535,ABGCC-004,,,,,,
Unwind,MI187535,ABGCC-024,,,,,,
Unwind,MI187535,ABGCC-045,,,,,,
Unwind,MI187820,ABGCC-049,,,,,,
Unwind,MI187830,ABGCC-001,,,,,,
Unwind,MI187830,ABGCC-026,,,,,,
Unwind,MI187830,ABGCC-006,,,,,,
Unwind,MI187830 ,ABGCC-032,,,,,,
Unwind,MI187830,ABGCC-034,,,,,,
Unwind,MI187899,ABGCC-026,,,,,,
Unwind,MI187899,ABGCC-025,,,,,,
Unwind,MI187899,ABGCC-044,,,,,,
Unwind,MI731095,ABGCC-059,,,,,,
Unwind,MI731095,ABGCC-066,,,,,,
Unwind,MIAMG056,ABGCC-023,,,,,,
Unwind,MICB2934,ABGCC-049,,,,,,
Unwind,MICB2934,ABGCC-059,,,,,,
Unwind,MICB2934,ABGCC-066,,,,,,
Unwind,MIRB3093,ABGCC-061,,,,,,
Unwind,MISG0112,ABGCC-022,,,,,,
Unwind,MISG0112,ABGCC-021,,,,,,
Unwind,MISG0112,ABGCC-024,,,,,,
Unwind,MISG0112,ABGCC-045,,,,,,
Unwind,MISG1449,ABGCC-050,,,,,,
Unwind,MISG1449,ABGCC-062,,,,,,
Unwind,MISG1449,ABGCC-067,,,,,,
Unwind,MIC108,ABGCC-002,,,,,,
Unwind,MIC114,ABGCC-002,,,,,,
Unwind,MIRB3607,ABGCC-002,,,,,,
Unwind,MI187100,ABGCC-002,,,,,,
Unwind,MI187100,ABGCC-042,,,,,,
Unwind,MISG1447,ABGCC-002,,,,,,
Unwind,MISG1447 ,ABGCC-028,,,,,,
Unwind,MISG1447,ABGCC-043,,,,,,
Unwind,MISG1447,ABGCC-045,,,,,,
,,,,,,,,
Unwind,MI400151,ABGCC-029,,,,,,
Unwind,MI400157,ABGCC-029,,,,,,
Unwind,MI840000,ABGCC-029,,,,,,
Unwind,MIRB7055,ABGCC-029,,,,,,
Unwind,MIRB7067,ABGCC-029,,,,,,
Unwind,MISG0012,ABGCC-029,,,,,,
Unwind,MISG0528,ABGCC-029,,,,,,
Unwind,MISG0529,ABGCC-029,,,,,,
Unwind,MISG1452,ABGCC-029,,,,,,
,,,,,,,,
Add,ABGCC-013,AB Centre Groups,C,1,,,,
Add,ABGCC-014,AB Centre Groups,C,1,,,,
Add,ABGCC-023,AB Centre Groups,C,1,,,,
,,,,,,,,
Add,AB Centre View,,C,1,,,,
Add,MIRB4152,AB Centre View,C,1,,,,
Add,MIRB4892,AB Centre View,C,1,,,,
Add,ABGCC-074,AB Centre View,C,1,,,,
,,,,,,,,
Add,MIRB7053,ABGCC-074,C,1,,,,
Add,MIRB7063,ABGCC-074,C,1,,,,
,,,,,,,,
Add,AB Centre Groups,,C,0,,,,
,,,,,,,,
,,,,,,,,
Add,ABGCC-003,AB Centre Groups,C,0,,,,
Add,ABGCC-022,ABGCC-003,C,1,,,,
Add,846700,ABGCC-022,C,1,,,,
Add,MIRB0834,ABGCC-022,C,1,,,,
Add,MIRB0866,ABGCC-022,C,1,,,,
Add,MISG1115,ABGCC-022,C,1,,,,
Add,MISG1451,ABGCC-022,C,1,,,,
,,,,,,,,
Add,MISG0712,ABGCC-011,C,1,,,,
Add,MI197410,ABGCC-012,C,1,,,,
Add,MISG0460,ABGCC-011,C,1,,,,
,,,,,,,,
Add,ABGCC-015,ABGCC-003,C,0,,,,
Add,ABGCC-016,ABGCC-015,C,1,,,,
Add,ABGCC-017,ABGCC-015,C,1,,,,
Add,MISG0783,ABGCC-016,C,1,,,,
Add,MISG0774,ABGCC-016,C,1,,,,
Add,MI080650,ABGCC-017,C,1,,,,
,,,,,,,,
,,,,,,,,
,,,,,,,,
Add,ABGCC-015,ABGCC-003,C,0,,,,
Add,ABGCC-010,ABGCC-003,C,1,,,,
Add,ABGCC-011,ABGCC-010,C,1,,,,
Add,MIRB4597,ABGCC-011,C,1,,,,
Add,ABGCC-012,ABGCC-010,C,1,,,,
Add,MI080900,ABGCC-012,C,1,,,,
,,,,,,,,
Add,ABGCC-002,AB Centre Groups,C,0,,,,
Add,MI187405,ABGCC-002,C,1,,,,
Add,MICB2400,ABGCC-002,C,1,,,,
Add,MIRB0782,ABGCC-002,C,1,,,,
Add,MIRB1109,ABGCC-002,C,1,,,,
Add,MIRC3814,ABGCC-002,C,1,,,,
Add,MI888426,ABGCC-002,C,1,,,,
,,,,,,,,
Add,ABGCC-001,AB Centre Groups,C,0,,,,
Add,MI187183,ABGCC-001,C,1,,,,
Add,MIRB1042,ABGCC-001,C,1,,,,
Add,MIRB1897,ABGCC-001,C,1,,,,
Add,MI352268,ABGCC-001,C,1,,,,
Add,MIRB7136,ABGCC-001,C,1,,,,
Add,MIRB7111,ABGCC-001,C,1,,,,
Add,MIRB7126,ABGCC-001,C,1,,,,
,,,,,,,,
Add,ABGCC-007,ABGCC-003,C,1,,,,
Add,ABGCC-008,ABGCC-007,C,1,,,,
Add,MISG0586,ABGCC-008,C,1,,,,
Add,ABGCC-009,ABGCC-007,C,1,,,,
Add,MI197899,ABGCC-009,C,1,,,,
,,,,,,,,
Add,ABGCC-018,ABGCC-003,C,1,,,,
Add,ABGCC-019,ABGCC-018,C,1,,,,
Add,ABGCC-020,ABGCC-018,C,1,,,,
Add,MISG0594,ABGCC-019,C,1,,,,
Add,MISG0704,ABGCC-019,C,1,,,,
Add,MI080800,ABGCC-020,C,1,,,,
,,,,,,,,
Add,ABGCC-026,ABGCC-003,C,1,,,,
Add,ABGCC-021,ABGCC-003,C,1,,,,
Add,MIRC3812,ABGCC-021,N,1,,,,
,,,,,,,,
Add,ABGCC-006,ABGCC-003,C,1,,,,
Add,MI187183,ABGCC-006,N,1,,,,
Add,MIRB7136,ABGCC-006,C,1,,,,
,,,,,,,,
Add,ABGCC-025,ABGCC-003,C,1,,,,
Add,MICB2508,ABGCC-025,N,1,,,,
,,,,,,,,
Add,ABGCC-024,ABGCC-003,C,1,,,,
Add,MISG0512,ABGCC-024,N,1,,,,
,,,,,,,,
Add,MISG1476,ABGCC-013,C,1,,,,
Add,MI400152,ABGCC-013,C,1,,,,
,,,,,,,,
Add,MI234458,ABGCC-013,C,1,,,,
Add,MIAMG058,ABGCC-013,C,1,,,,
Add,MIAMG062,ABGCC-013,C,1,,,,
Add,MIAMG063,ABGCC-013,C,1,,,,
Add,MIAMG065,ABGCC-013,C,1,,,,
Add,MISG1479,ABGCC-013,C,1,,,,
Add,MI400153,ABGCC-013,C,1,,,,
Add,MI400059,ABGCC-014,C,1,,,,
Add,MI400155,ABGCC-014,C,1,,,,
Add,MI400156,ABGCC-014,C,1,,,,
Add,MI400157,ABGCC-014,C,1,,,,
Add,MI400WIB,ABGCC-014,C,1,,,,
Add,MIAMG059,ABGCC-014,C,1,,,,
Add,MISG0012,ABGCC-014,C,1,,,,
Add,MI400154,ABGCC-023,C,1,,,,
Add,MICB2320,ABGCC-023,C,1,,,,
Add,MICB2827,ABGCC-023,C,1,,,,
Add,MISG1478,ABGCC-023,C,1,,,,
Add,MISG1481,ABGCC-023,C,1,,,,
Add,MIAMG067,ABGCC-023,C,1,,,,
Add,MIAMG069,ABGCC-023,C,1,,,,
,,,,,,,,
,,,,,,,,
,,,,,,,,
,,,,,,,,
Add,ABGCC-032,AB Centre Groups,C,0,,,,
Add,MIRB7071,ABGCC-032,C,1,,,,
Add,MIRB7136,ABGCC-032,C,1,,,,
Add,MIRB7111,ABGCC-032,C,1,,,,
Add,MIRB7126,ABGCC-032,C,1,,,,
,,,,,,,,
Add,ABGCC-034,AB Centre Groups,C,0,,,,
Add,MI187183,ABGCC-034,C,1,,,,
Add,MIRB1042,ABGCC-034,C,1,,,,
Add,MIRB1897,ABGCC-034,C,1,,,,
Add,MIRB7136,ABGCC-034,C,1,,,,
Add,MIRB7111,ABGCC-034,C,1,,,,
Add,MIRB7126,ABGCC-034,C,1,,,,
,,,,,,,,
Add,ABGCC-042,AB Centre Groups,C,0,,,,
Add,MI504106,ABGCC-042,C,1,,,,
Add,MICB2508,ABGCC-042,C,1,,,,
Add,MI187113,ABGCC-042,C,1,,,,
Add,MIRB0819,ABGCC-042,C,1,,,,
Add,MIRB3995,ABGCC-042,C,1,,,,
Add,MI187360,ABGCC-042,C,1,,,,
Add,MIRB4079,ABGCC-042,C,1,,,,
Add,MI211480,ABGCC-042,C,1,,,,
Add,MIRB7210,ABGCC-042,C,1,,,,
,,,,,,,,
Add,ABGCC-043,AB Centre Groups,C,0,,,,
Add,MICB5030,ABGCC-043,C,1,,,,
Add,MISG0512,ABGCC-043,C,1,,,,
Add,MISG0429,ABGCC-043,C,1,,,,
Add,MISG0447,ABGCC-043,C,1,,,,
Add,MISG1123,ABGCC-043,C,1,,,,
Add,MIRB7210,ABGCC-043,C,1,,,,
,,,,,,,,
Add,ABGCC-044,AB Centre Groups,C,0,,,,
Add,ABGCC-049,ABGCC-044,C,1,,,,
Add,ABGCC-047,ABGCC-044,C,1,,,,
Add,ABGCC-046,ABGCC-044,C,1,,,,
Add,MI504106,ABGCC-044,C,1,,,,
Add,MICB2508,ABGCC-044,C,1,,,,
Add,MIRB6156,ABGCC-044,C,1,,,,
Add,MI353000,ABGCC-044,C,1,,,,
,,,,,,,,
Add,ABGCC-045,AB Centre Groups,C,0,,,,
Add,MI352403,ABGCC-045,C,1,,,,
Add,MICB5030,ABGCC-045,C,1,,,,
Add,MISG0512,ABGCC-045,C,1,,,,
Add,MISG0429,ABGCC-045,C,1,,,,
Add,MISG0447,ABGCC-045,C,1,,,,
Add,MIRA0083,ABGCC-045,C,1,,,,
Add,ABGCC-048,ABGCC-045,C,1,,,,
Add,ABGCC-050,ABGCC-045,C,1,,,,
Add,MISG1123,ABGCC-045,C,1,,,,
Add,MIRB7210,ABGCC-045,C,1,,,,
,,,,,,,,
Add,ABGCC-046,AB Centre Groups,C,0,,,,
Add,MI187113,ABGCC-046,C,1,,,,
Add,MI187119,ABGCC-046,C,1,,,,
Add,MI211480,ABGCC-046,C,1,,,,
Add,MI740400,ABGCC-046,C,1,,,,
Add,MIRB3995,ABGCC-046,C,1,,,,
Add,MIRB0818,ABGCC-046,C,1,,,,
Add,MIRB0819,ABGCC-046,C,1,,,,
Add,MIRB3625,ABGCC-046,C,1,,,,
Add,MI187360,ABGCC-046,C,1,,,,
Add,MIRB4079,ABGCC-046,C,1,,,,
Add,MIRB5049,ABGCC-046,C,1,,,,
,,,,,,,,
Add,ABGCC-047,AB Centre Groups,C,0,,,,
Add,MI187128,ABGCC-047,C,1,,,,
Add,MI187214,ABGCC-047,C,1,,,,
Add,MI187209,ABGCC-047,C,1,,,,
Add,MICB2701,ABGCC-047,C,1,,,,
Add,MI710000,ABGCC-047,C,1,,,,
Add,MIRB5063,ABGCC-047,C,1,,,,
Add,MI710016,ABGCC-047,C,1,,,,
Add,MI187880,ABGCC-047,C,1,,,,
Add,MI710022,ABGCC-047,C,1,,,,
Add,MI187226,ABGCC-047,C,1,,,,
,,,,,,,,
Add,ABGCC-048,AB Centre Groups,C,0,,,,
Add,MISG0466,ABGCC-048,C,1,,,,
Add,MISG1100,ABGCC-048,C,1,,,,
Add,MISG1577,ABGCC-048,C,1,,,,
Add,MICBG001,ABGCC-048,C,1,,,,
Add,MISG0299,ABGCC-048,C,1,,,,
Add,MISG1474,ABGCC-048,C,1,,,,
Add,MISG1450,ABGCC-048,C,1,,,,
Add,MISG0011,ABGCC-048,C,1,,,,
,,,,,,,,
Add,ABGCC-049,AB Centre Groups,C,0,,,,
Add,MICB2931,ABGCC-049,C,1,,,,
Add,MI731160,ABGCC-049,C,1,,,,
Add,MICB2800,ABGCC-049,C,1,,,,
Add,MIRC3884,ABGCC-049,C,1,,,,
Add,MIRM4380,ABGCC-049,C,1,,,,
Add,MIRM4400,ABGCC-049,C,1,,,,
Add,MI188170,ABGCC-049,C,1,,,,
,,,,,,,,
Add,ABGCC-050,AB Centre Groups,C,0,,,,
Add,MISG0896,ABGCC-050,C,1,,,,
Add,MIRB0866,ABGCC-050,C,1,,,,
Add,MISG1110,ABGCC-050,C,1,,,,
Add,MISG1115,ABGCC-050,C,1,,,,
Add,MISG1104,ABGCC-050,C,1,,,,
Add,MISG1106,ABGCC-050,C,1,,,,
Add,MISG1097,ABGCC-050,C,1,,,,
,,,,,,,,
Add,ABGCC-051,AB Centre Groups,C,0,,,,
Add,MIRC3955,ABGCC-051,C,1,,,,
Add,MISG1451,ABGCC-051,C,1,,,,
,,,,,,,,
Add,ABGCC-052,AB Centre Groups,C,0,,,,
Add,149037,ABGCC-052,C,1,,,,
Add,149044,ABGCC-052,C,1,,,,
Add,218958,ABGCC-052,C,1,,,,
Add,547202,ABGCC-052,C,1,,,,
Add,534478,ABGCC-052,C,1,,,,
Add,844356,ABGCC-052,C,1,,,,
Add,073334,ABGCC-052,C,1,,,,
Add,218999,ABGCC-052,C,1,,,,
Add,218987,ABGCC-052,C,1,,,,
Add,100310,ABGCC-052,C,1,,,,
Add,096780,ABGCC-052,C,1,,,,
Add,234808,ABGCC-052,C,1,,,,
Add,218986,ABGCC-052,C,1,,,,
Add,075730,ABGCC-052,C,1,,,,
Add,092640,ABGCC-052,C,1,,,,
Add,541050,ABGCC-052,C,1,,,,
Add,508333,ABGCC-052,C,1,,,,
Add,096755,ABGCC-052,C,1,,,,
Add,090400,ABGCC-052,C,1,,,,
Add,149043,ABGCC-052,C,1,,,,
Add,090438,ABGCC-052,C,1,,,,
Add,218953,ABGCC-052,C,1,,,,
Add,119590,ABGCC-052,C,1,,,,
Add,219001,ABGCC-052,C,1,,,,
Add,218985,ABGCC-052,C,1,,,,
Add,149013,ABGCC-052,C,1,,,,
Add,218962,ABGCC-052,C,1,,,,
Add,218963,ABGCC-052,C,1,,,,
Add,218965,ABGCC-052,C,1,,,,
Add,218954,ABGCC-052,C,1,,,,
Add,218967,ABGCC-052,C,1,,,,
Add,218969,ABGCC-052,C,1,,,,
Add,549022,ABGCC-052,C,1,,,,
Add,219000,ABGCC-052,C,1,,,,
Add,218990,ABGCC-052,C,1,,,,
Add,530149,ABGCC-052,C,1,,,,
Add,149042,ABGCC-052,C,1,,,,
Add,231886,ABGCC-052,C,1,,,,
,,,,,,,,
Add,ABGCC-053,AB Centre Groups,C,0,,,,
Add,107985,ABGCC-053,C,1,,,,
Add,120365,ABGCC-053,C,1,,,,
Add,149036,ABGCC-053,C,1,,,,
Add,501083,ABGCC-053,C,1,,,,
Add,501106,ABGCC-053,C,1,,,,
Add,508723,ABGCC-053,C,1,,,,
Add,093185,ABGCC-053,C,1,,,,
Add,093210,ABGCC-053,C,1,,,,
Add,108070,ABGCC-053,C,1,,,,
Add,108620,ABGCC-053,C,1,,,,
Add,093180,ABGCC-053,C,1,,,,
Add,107968,ABGCC-053,C,1,,,,
Add,149017,ABGCC-053,C,1,,,,
Add,149047,ABGCC-053,C,1,,,,
Add,505283,ABGCC-053,C,1,,,,
Add,505288,ABGCC-053,C,1,,,,
Add,505310,ABGCC-053,C,1,,,,
Add,505313,ABGCC-053,C,1,,,,
Add,549015,ABGCC-053,C,1,,,,
Add,549017,ABGCC-053,C,1,,,,
Add,549018,ABGCC-053,C,1,,,,
Add,120560,ABGCC-053,C,1,,,,
Add,218949,ABGCC-053,C,1,,,,
Add,120050,ABGCC-053,C,1,,,,
Add,093575,ABGCC-053,C,1,,,,
Add,096305,ABGCC-053,C,1,,,,
Add,119300,ABGCC-053,C,1,,,,
Add,505269,ABGCC-053,C,1,,,,
Add,505285,ABGCC-053,C,1,,,,
Add,505317,ABGCC-053,C,1,,,,
Add,505312,ABGCC-053,C,1,,,,
Add,505280,ABGCC-053,C,1,,,,
Add,508218,ABGCC-053,C,1,,,,
,,,,,,,,
Add,ABGCC-054,AB Centre Groups,C,0,,,,
Add,235201,ABGCC-054,C,1,,,,
Add,090439,ABGCC-054,C,1,,,,
Add,219003,ABGCC-054,C,1,,,,
Add,218953,ABGCC-054,C,1,,,,
Add,149007,ABGCC-054,C,1,,,,
Add,218951,ABGCC-054,C,1,,,,
Add,234793,ABGCC-054,C,1,,,,
Add,237034,ABGCC-054,C,1,,,,
Add,234721,ABGCC-054,C,1,,,,
Add,730164,ABGCC-054,C,1,,,,
Add,234730,ABGCC-054,C,1,,,,
Add,530036,ABGCC-054,C,1,,,,
Add,234728,ABGCC-054,C,1,,,,
Add,234756,ABGCC-054,C,1,,,,
Add,234757,ABGCC-054,C,1,,,,
Add,234760,ABGCC-054,C,1,,,,
Add,234762,ABGCC-054,C,1,,,,
Add,234763,ABGCC-054,C,1,,,,
Add,234765,ABGCC-054,C,1,,,,
Add,234767,ABGCC-054,C,1,,,,
Add,237049,ABGCC-054,C,1,,,,
Add,237052,ABGCC-054,C,1,,,,
Add,237410,ABGCC-054,C,1,,,,
Add,107980,ABGCC-054,C,1,,,,
Add,231835,ABGCC-054,C,1,,,,
Add,237011,ABGCC-054,C,1,,,,
Add,119690,ABGCC-054,C,1,,,,
Add,149011,ABGCC-054,C,1,,,,
Add,149031,ABGCC-054,C,1,,,,
Add,149032,ABGCC-054,C,1,,,,
Add,218956,ABGCC-054,C,1,,,,
Add,218960,ABGCC-054,C,1,,,,
Add,218996,ABGCC-054,C,1,,,,
Add,219002,ABGCC-054,C,1,,,,
Add,219007,ABGCC-054,C,1,,,,
Add,219009,ABGCC-054,C,1,,,,
Add,219011,ABGCC-054,C,1,,,,
Add,231355,ABGCC-054,C,1,,,,
Add,231513,ABGCC-054,C,1,,,,
Add,231874,ABGCC-054,C,1,,,,
Add,231876,ABGCC-054,C,1,,,,
Add,234513,ABGCC-054,C,1,,,,
Add,505327,ABGCC-054,C,1,,,,
,,,,,,,,
Add,ABGCC-055,AB Centre Groups,C,0,,,,
Add,722988,ABGCC-055,C,1,,,,
Add,187649,ABGCC-055,C,1,,,,
Add,187482,ABGCC-055,C,1,,,,
Add,187831,ABGCC-055,C,1,,,,
Add,720501,ABGCC-055,C,1,,,,
Add,722524,ABGCC-055,C,1,,,,
Add,847345,ABGCC-055,C,1,,,,
Add,352376,ABGCC-055,C,1,,,,
Add,351513,ABGCC-055,C,1,,,,
Add,351524,ABGCC-055,C,1,,,,
Add,187641,ABGCC-055,C,1,,,,
Add,355456,ABGCC-055,C,1,,,,
Add,354911,ABGCC-055,C,1,,,,
Add,352719,ABGCC-055,C,1,,,,
Add,354915,ABGCC-055,C,1,,,,
Add,354919,ABGCC-055,C,1,,,,
Add,355427,ABGCC-055,C,1,,,,
Add,355430,ABGCC-055,C,1,,,,
Add,355432,ABGCC-055,C,1,,,,
Add,720303,ABGCC-055,C,1,,,,
Add,547419,ABGCC-055,C,1,,,,
Add,722983,ABGCC-055,C,1,,,,
Add,355435,ABGCC-055,C,1,,,,
Add,187821,ABGCC-055,C,1,,,,
Add,722999,ABGCC-055,C,1,,,,
Add,724011,ABGCC-055,C,1,,,,
Add,232033,ABGCC-055,C,1,,,,
Add,187403,ABGCC-055,C,1,,,,
Add,232039,ABGCC-055,C,1,,,,
Add,355428,ABGCC-055,C,1,,,,
,,,,,,,,
Add,ABGCC-056,AB Centre Groups,C,0,,,,
Add,358152,ABGCC-056,C,1,,,,
Add,351403,ABGCC-056,C,1,,,,
Add,356003,ABGCC-056,C,1,,,,
Add,352033,ABGCC-056,C,1,,,,
Add,356565,ABGCC-056,C,1,,,,
Add,356017,ABGCC-056,C,1,,,,
Add,356015,ABGCC-056,C,1,,,,
Add,MI352271,ABGCC-056,C,1,,,,
Add,356036,ABGCC-056,C,1,,,,
Add,356038,ABGCC-056,C,1,,,,
Add,358978,ABGCC-056,C,1,,,,
Add,351402,ABGCC-056,C,1,,,,
Add,352031,ABGCC-056,C,1,,,,
Add,352032,ABGCC-056,C,1,,,,
Add,352034,ABGCC-056,C,1,,,,
Add,352035,ABGCC-056,C,1,,,,
Add,352036,ABGCC-056,C,1,,,,
Add,352037,ABGCC-056,C,1,,,,
Add,352357,ABGCC-056,C,1,,,,
Add,354904,ABGCC-056,C,1,,,,
Add,355212,ABGCC-056,C,1,,,,
Add,355213,ABGCC-056,C,1,,,,
Add,355214,ABGCC-056,C,1,,,,
Add,355319,ABGCC-056,C,1,,,,
Add,355320,ABGCC-056,C,1,,,,
Add,355321,ABGCC-056,C,1,,,,
,,,,,,,,
Add,ABGCC-057,AB Centre Groups,C,0,,,,
Add,547420,ABGCC-057,C,1,,,,
Add,197242,ABGCC-057,C,1,,,,
,,,,,,,,
Add,ABGCC-058,AB Centre Groups,C,0,,,,
Add,720988,ABGCC-058,C,1,,,,
Add,355431,ABGCC-058,C,1,,,,
Add,002176,ABGCC-058,C,1,,,,
Add,109125,ABGCC-058,C,1,,,,
Add,358289,ABGCC-058,C,1,,,,
Add,355455,ABGCC-058,C,1,,,,
Add,354916,ABGCC-058,C,1,,,,
Add,720723,ABGCC-058,C,1,,,,
Add,232017,ABGCC-058,C,1,,,,
Add,232019,ABGCC-058,C,1,,,,
Add,232020,ABGCC-058,C,1,,,,
Add,232021,ABGCC-058,C,1,,,,
Add,232023,ABGCC-058,C,1,,,,
Add,232026,ABGCC-058,C,1,,,,
Add,232027,ABGCC-058,C,1,,,,
Add,232029,ABGCC-058,C,1,,,,
Add,232025,ABGCC-058,C,1,,,,
Add,325409,ABGCC-058,C,1,,,,
Add,531835,ABGCC-058,C,1,,,,
Add,356006,ABGCC-058,C,1,,,,
Add,354917,ABGCC-058,C,1,,,,
Add,358978,ABGCC-058,C,1,,,,
Add,326679,ABGCC-058,C,1,,,,
Add,720882,ABGCC-058,C,1,,,,
,,,,,,,,
Add,ABGCC-059,AB Centre Groups,C,0,,,,
Add,MICB2931,ABGCC-059,C,1,,,,
Add,MIRC3884,ABGCC-059,C,1,,,,
Add,MIRM4380,ABGCC-059,C,1,,,,
Add,MI188170,ABGCC-059,C,1,,,,
Add,MIRM4400,ABGCC-059,C,1,,,,
Add,MICB2800,ABGCC-059,C,1,,,,
Add,MI731160,ABGCC-059,C,1,,,,
Add,MIAMG063,ABGCC-059,C,1,,,,
,,,,,,,,
Add,ABGCC-060,AB Centre Groups,C,0,,,,
Add,MI187128,ABGCC-060,C,1,,,,
Add,MIAMG062,ABGCC-060,C,1,,,,
Add,MI234458,ABGCC-060,C,1,,,,
Add,MIAMG062,ABGCC-060,C,1,,,,
,,,,,,,,
Add,ABGCC-061,AB Centre Groups,C,0,,,,
Add,MI187209,ABGCC-061,C,1,,,,
Add,MI187219,ABGCC-061,C,1,,,,
Add,MI187224,ABGCC-061,C,1,,,,
Add,MI187225,ABGCC-061,C,1,,,,
Add,MICBG001,ABGCC-061,C,1,,,,
Add,MIPSOMGR,ABGCC-061,C,1,,,,
Add,MIRB1112,ABGCC-061,C,1,,,,
Add,MIRB3139,ABGCC-061,C,1,,,,
Add,MIAMG058,ABGCC-061,C,1,,,,
,,,,,,,,
Add,ABGCC-062,AB Centre Groups,C,0,,,,
Add,MISG0896,ABGCC-062,C,1,,,,
Add,MIRB0866,ABGCC-062,C,1,,,,
Add,MISG1110,ABGCC-062,C,1,,,,
Add,MISG1104,ABGCC-062,C,1,,,,
Add,MISG1106,ABGCC-062,C,1,,,,
Add,MISG1097,ABGCC-062,C,1,,,,
Add,MISG1115,ABGCC-062,C,1,,,,
Add,MIAMG065,ABGCC-062,C,1,,,,
,,,,,,,,
Add,ABGCC-063,AB Centre Groups,C,0,,,,
Add,MISG1476,ABGCC-063,C,1,,,,
Add,MISG1479,ABGCC-063,C,1,,,,
,,,,,,,,
Add,ABGCC-064,AB Centre Groups,C,0,,,,
Add,MIAMG069,ABGCC-064,C,1,,,,
Add,075610,ABGCC-064,C,1,,,,
,,,,,,,,
Add,ABGCC-065,AB Centre Groups,C,0,,,,
Add,MIAMG067,ABGCC-065,C,1,,,,
Add,075520,ABGCC-065,C,1,,,,
,,,,,,,,
Add,ABGCC-066,AB Centre Groups,C,0,,,,
Add,MICB2931,ABGCC-066,C,1,,,,
Add,MIRC3884,ABGCC-066,C,1,,,,
Add,MIRM4380,ABGCC-066,C,1,,,,
Add,MI188170,ABGCC-066,C,1,,,,
Add,MIRM4400,ABGCC-066,C,1,,,,
Add,MICB2800,ABGCC-066,C,1,,,,
Add,MI731160,ABGCC-066,C,1,,,,
Add,MICB2320,ABGCC-066,C,1,,,,
Add,MICB2827,ABGCC-066,C,1,,,,
,,,,,,,,
Add,ABGCC-067,AB Centre Groups,C,0,,,,
Add,MISG0896,ABGCC-067,C,1,,,,
Add,MIRB0866,ABGCC-067,C,1,,,,
Add,MISG1110,ABGCC-067,C,1,,,,
Add,MISG1104,ABGCC-067,C,1,,,,
Add,MISG1106,ABGCC-067,C,1,,,,
Add,MISG1097,ABGCC-067,C,1,,,,
Add,MISG1115,ABGCC-067,C,1,,,,
Add,MISG1481,ABGCC-067,C,1,,,,
,,,,,,,,
Add,MIRB7136,ABGCC-026,C,1,,,,
,,,,,,,,
Attribute,ABGCC-006,,,,Code & Description,A,ABGCC-006 - BB exc HO,
Attribute,ABGCC-022,,,,Code & Description,A,ABGCC-022 - SGB Commercial Distribution,
Attribute,ABGCC-026,,,,Code & Description,A,ABGCC-026 - WBC Business Product,
Attribute,ABGCC-003,,,,Code & Description,A,ABGCC-003 - Product Groups,
,,,,,,,,
,,,,,,,,
Attribute,ABGCC-013,,,,Code & Description,A,ABGCC-013 - EF&CI,
Attribute,ABGCC-014,,,,Code & Description,A,ABGCC-014 - Head Office and Support,
Attribute,ABGCC-023,,,,Code & Description,A,ABGCC-023 - Trade and Cashflow,
,,,,,,,,
Attribute,ABGCC-015,,,,Code & Description,A,ABGCC-015 - Merchants,
Attribute,ABGCC-016,,,,Code & Description,A,ABGCC-016 - Merchants SGB,
Attribute,ABGCC-017,,,,Code & Description,A,ABGCC-017 - Merchants WBC,
Attribute,ABGCC-018,,,,Code & Description,A,ABGCC-018 - Personal Loans,
Attribute,ABGCC-019,,,,Code & Description,A,ABGCC-019 - Personal Loans SGB,
Attribute,ABGCC-020,,,,Code & Description,A,ABGCC-020 - Personal Loans WBC,
,,,,,,,,
Attribute,ABGCC-001,,,,Code & Description,A,ABGCC-001 - Business exc DFB,
Attribute,ABGCC-002,,,,Code & Description,A,ABGCC-002 - Consumer exc DFB,
Attribute,ABGCC-007,,,,Code & Description,A,ABGCC-007 - Cards,
Attribute,ABGCC-008,,,,Code & Description,A,ABGCC-008 - Cards SGB,
Attribute,ABGCC-009,,,,Code & Description,A,ABGCC-009 - Cards WBC,
Attribute,ABGCC-010,,,,Code & Description,A,ABGCC-010 - Deposits,
Attribute,ABGCC-011,,,,Code & Description,A,ABGCC-011 - Deposits SBG,
Attribute,ABGCC-012,,,,Code & Description,A,ABGCC-012 - Deposits WBC,
Attribute,ABGCC-021,,,,Code & Description,A,ABGCC-021 - SGB Business Product,
Attribute,MI888300,,,,Code & Description,A,MI888300 - Consumer Marketing,
Attribute,MIRB1109,,,,Code & Description,A,MIRB1109 - Chief Operations Office,
,,,,,,,,
Attribute,ABGCC-024,,,,Code & Description,A,ABGCC-024 - Total SGB Product,
Attribute,ABGCC-025,,,,Code & Description,A,ABGCC-025 - Total WBC Product,
Attribute,ABGCC-029,,,,Code & Description,A,ABGCC-029 - Auto Finance ,
Attribute,ABGCC-032,,,,Code & Description,A,ABGCC-032 - Business Banking exc Private,
Attribute,ABGCC-034,,,,Code & Description,A,ABGCC-034 - Business Banking ex DFB,
,,,,,,,,
Attribute,ABGCC-042,,,,Code & Description,A,ABGCC-042 - Consumer WBC Brand,
Attribute,ABGCC-043,,,,Code & Description,A,ABGCC-043 - Consumer RRB Brand,
Attribute,ABGCC-044,,,,Code & Description,A,ABGCC-044 - Total WBC Brand,
Attribute,ABGCC-045,,,,Code & Description,A,ABGCC-045 - Total RRB Brand,
,,,,,,,,
Attribute,ABGCC-046,,,,Code & Description,A,ABGCC-046 - Westpac Consumer,
Attribute,ABGCC-047,,,,Code & Description,A,ABGCC-047 - Westpac SME,
Attribute,ABGCC-048,,,,Code & Description,A,ABGCC-048 - RRB SME,
Attribute,ABGCC-049,,,,Code & Description,A,ABGCC-049 - Westpac Commercial,
Attribute,ABGCC-050,,,,Code & Description,A,ABGCC-050 - RRB Commercial,
Attribute,ABGCC-051,,,,Code & Description,A,ABGCC-051 - Commercial Transactional Banking ,
,,,,,,,,
Attribute,ABGCC-052,,,,Code & Description,A,ABGCC-052 - Banking Protect Investments,
Attribute,ABGCC-053,,,,Code & Description,A,ABGCC-053 - Banking Transform Investments,
Attribute,ABGCC-054,,,,Code & Description,A,ABGCC-054 - Banking Other Investments,
Attribute,ABGCC-055,,,,Code & Description,A,ABGCC-055 - Wealth Protect Investments,
Attribute,ABGCC-056,,,,Code & Description,A,ABGCC-056 - Wealth Transform Investments,
Attribute,ABGCC-057,,,,Code & Description,A,ABGCC-057 - Wealth Other Reg and Compliance,
Attribute,ABGCC-058,,,,Code & Description,A,ABGCC-058 - Wealth Other Investments,Wealth Other Investments
Attribute,ABGCC-059,,,,Code & Description,A,ABGCC-059 - Commercial EF WEF 1st,Commercial EF WEF 1st
Attribute,ABGCC-060,,,,Code & Description,A,ABGCC-060 - Commercial EF WEF 3rd,Commercial EF WEF 3rd
Attribute,ABGCC-061,,,,Code & Description,A,ABGCC-061 - Commercial EF SME,Commercial EF SME
Attribute,ABGCC-062,,,,Code & Description,A,ABGCC-062 - Commercial EF SGB 1st,Commercial EF SGB 1st
Attribute,ABGCC-063,,,,Code & Description,A,ABGCC-063 - Commercial EF SGB 3rd,Commercial EF SGB 3rd
Attribute,ABGCC-064,,,,Code & Description,A,ABGCC-064 - Commercial TIF WBC Trade,Commercial TIF WBC Trade
Attribute,ABGCC-065,,,,Code & Description,A,ABGCC-065 - Commercial TIF SGB Trade,Commercial TIF SGB Trade
Attribute,ABGCC-066,,,,Code & Description,A,ABGCC-066 - Commercial TIF WBC Invoice,Commercial TIF WBC Invoice
Attribute,ABGCC-067,,,,Code & Description,A,ABGCC-067 - Commercial TIF SGB Invoice,Commercial TIF SGB Invoice
Attribute,ABGCC-074,,,,Code & Description,A,ABGCC-074 - AB -Specialist Business,
,,,,,,,,
,,,,,,,,
,,,,,,,,
,,,,,,,,
Attribute,ABGCC-001,,,,Label,A,Business exc DFB,
Attribute,ABGCC-002,,,,Label,A,Consumer exc DFB,
Attribute,ABGCC-003,,,,Label,A,Product Groups,
Attribute,ABGCC-006,,,,Label,A,BB exc HO,
Attribute,ABGCC-007,,,,Label,A,Cards,
Attribute,ABGCC-010,,,,Label,A,Deposits,
Attribute,ABGCC-015,,,,Label,A,Merchants,
Attribute,ABGCC-018,,,,Label,A,Personal Loans_,
,,,,,,,,
Attribute,ABGCC-008,,,,Label,A,Cards SGB,
Attribute,ABGCC-009,,,,Label,A,Cards WBC,
Attribute,ABGCC-011,,,,Label,A,Deposits SBG,
Attribute,ABGCC-012,,,,Label,A,Deposits WBC,
Attribute,ABGCC-016,,,,Label,A,Merchants SGB,
Attribute,ABGCC-017,,,,Label,A,Merchants WBC,
Attribute,ABGCC-019,,,,Label,A,Personal Loans SGB,
Attribute,ABGCC-020,,,,Label,A,Personal Loans WBC,
Attribute,ABGCC-022,,,,Label,A,SGB Commercial Distribution,
,,,,,,,,
Attribute,ABGCC-026,,,,Label,A,WBC Business Product,
,,,,,,,,
Attribute,ABGCC-013,,,,Label,A,EF&CI,
Attribute,ABGCC-014,,,,Label,A,Head Office and Support,
Attribute,ABGCC-023,,,,Label,A,Trade and Cashflow,
Attribute,ABGCC-021,,,,Label,A,SGB  Business Product,
,,,,,,,,
Attribute,ABGCC-024,,,,Label,A,Total SGB Product,
Attribute,ABGCC-025,,,,Label,A,Total WBC Product,
,,,,,,,,
,,,,,,,,
Attribute,AB Centre View,,,,Label,A,Australian Banking Centre,
,,,,,,,,
Attribute,ABGCC-029,,,,Label,A,Auto Finance ,
Attribute,ABGCC-032,,,,Label,A,Business Banking exc Private,
Attribute,ABGCC-034,,,,Label,A,Business Banking ex DFB,
Attribute,ABGCC-042,,,,Label,A,Consumer WBC Brand,
Attribute,ABGCC-043,,,,Label,A,Consumer RRB Brand,
Attribute,ABGCC-044,,,,Label,A,Total WBC Brand,
Attribute,ABGCC-045,,,,Label,A,Total RRB Brand,
Attribute,ABGCC-046,,,,Label,A,Westpac Consumer ,
Attribute,ABGCC-047,,,,Label,A,Westpac SME,
Attribute,ABGCC-048,,,,Label,A,RRB SME,
Attribute,ABGCC-049,,,,Label,A,Westpac Commercial,
Attribute,ABGCC-050,,,,Label,A,RRB Commercial,
Attribute,ABGCC-051,,,,Label,A,Commercial Transactional Banking ,
,,,,,,,,
Attribute,ABGCC-052,,,,Label,A,Banking Protect Investments,
Attribute,ABGCC-053,,,,Label,A,Banking Transform Investments,
Attribute,ABGCC-054,,,,Label,A,Banking Other Investments,
Attribute,ABGCC-055,,,,Label,A,Wealth Protect Investments,
Attribute,ABGCC-056,,,,Label,A,Wealth Transform Investments,
Attribute,ABGCC-057,,,,Label,A,Wealth Other Reg and Compliance,
Attribute,ABGCC-058,,,,Label,A,Wealth Other Investments,
,,,,,,,,
Attribute,ABGCC-059,,,,Label,A,Commercial EF WEF 1st,
Attribute,ABGCC-060,,,,Label,A,Commercial EF WEF 3rd,
Attribute,ABGCC-061,,,,Label,A,Commercial EF SME,
Attribute,ABGCC-062,,,,Label,A,Commercial EF SGB 1st,
Attribute,ABGCC-063,,,,Label,A,Commercial EF SGB 3rd,
Attribute,ABGCC-064,,,,Label,A,Commercial TIF WBC Trade,
Attribute,ABGCC-065,,,,Label,A,Commercial TIF SGB Trade,
Attribute,ABGCC-066,,,,Label,A,Commercial TIF WBC Invoice,
Attribute,ABGCC-067,,,,Label,A,Commercial TIF SGB Invoice,
Attribute,ABGCC-074 ,,,,Label,A,AB - Specialist Business,
Attribute,ABGCC-068,,,,Label,A,Microbusiness,
Attribute,ABGCC-069,,,,Label,A,SME NSW/ACT,
Attribute,ABGCC-085,,,,Label,A,Customer Engagement,
Attribute,ABGCC-070,,,,Label,A,SME VIC/TAS,
Attribute,ABGCC-071,,,,Label,A,QLD SME & CML,
Attribute,ABGCC-072,,,,Label,A,WA SME & CML,
Attribute,ABGCC-073,,,,Label,A,SA/NT SME & CML,
Attribute,ABGCC-075,,,,Label,A,CML NSW/ACT,
Attribute,ABGCC-076,,,,Label,A,CML VIC/TAS,
Attribute,ABGCC-077,,,,Label,A,Agribusiness,
Attribute,ABGCC-078,,,,Label,A,Property Finance,
Attribute,ABGCC-079,,,,Label,A,Specialised Lending & Transactional Banking,
Attribute,ABGCC-080,,,,Label,A,Customer Management Group & Portfolio Management,
Attribute,ABGCC-081,,,,Label,A,Operations & Effectiveness,
Attribute,ABGCC-082,,,,Label,A,Business Controls & Monitoring,
Attribute,ABGCC-083,,,,Label,A,Customer Engagement Head Office,
Attribute,ABGCC-084,,,,Label,A,CE Projects,
,,,,,,,,
Attribute,ABGCC-086,,,,Label,A,Private Wealth North,
Attribute,ABGCC-087,,,,Label,A,Private Wealth South,
Attribute,ABGCC-088,,,,Label,A,Private Wealth excl. Wealth Product Centres,
,,,,,,,,
Attribute,ABGCC-089,,,,Label,A,Cash Management AB Grouping,
Attribute,ABGCC-090,,,,Label,A,Merchant Payments AB Grouping,
Attribute,ABGCC-091,,,,Label,A,Everyday Business Banking AB Grouping,
,,,,,,,,
Attribute,ABGCC-092,,,,Label,A,Business Lending LOB_,
Attribute,ABGCC-093,,,,Label,A,Portfolio & Pricing_,
